Adam Runnalls,1998-10-03
Adam Vaclavik,1994-02-18
Adina Sotropa,1969-08-19
Agata Suszka,1971-09-27
Agnieszka Cyl,1900-01-01
Ahti Toivanen,1990-01-05
Aidan Millar,no_app_date
Aiqin Song,1900-01-01
Aita Gasparin,1994-02-09
Aivo Udras,1970-03-15
Albina Akhatova,1976-11-13
Aleksander Fjeld Andersen,1997-04-15
Aleksander Grajf,1965-06-25
Aleksandra Alikina,no_app_date
Alex Cisar,2000-04-05
Alexander Loginov,1992-01-31
Alexander Os,1980-01-21
Alexander Povarnitsyn,no_app_date
Alexander Wolf,1978-12-21
Alexandr Chervyakov,1980-06-18
Alexandr Loginov,1992-01-31
Alexandr Lysenko,no_app_date
Alexandr Mukhin,1998-07-28
Alexandr Popov,1965-02-22
Alexandr Syman,1977-07-26
Alexandr Tropnikov,no_app_date
Alexandra Stoian,1983-08-05
Alexandre Aubert,no_app_date
Alexandre Pecherskiy,1909-02-22
Alexei Aidarov,1974-11-15
Alexei Almoukov,1990-03-22
Alexei Kobelev,1971-07-27
Alexei Korobeynikov,1978-05-12
Alexei Sidorov,1971-12-29
Alexey Churine,no_app_date
Alexey Slepov,no_app_date
Alexey Volkov,1988-04-05
Alexia Runggaldier,1991-11-27
Alexis Boeuf,1986-03-04
Alfred Eder,1953-12-28
Aliaksandr Babchyn,no_app_date
Aliaksandr Darozhka,1991-08-19
Alina Kolomiyets,1900-01-01
Alina Pilchuk,no-wiki
Alina Stremous,1995-07-11
Alla Ghilenko,1992-06-12
Alois Reiter,no_app_date
Amanda Lightfoot,1987-01-30
Amy Baserga,2000-09-29
Anais Bescond,1987-05-15
Anais Chevalier-Bouchet,1993-02-12
Anastasia Zagoruiko,1988-10-15
Anastasiia Goreeva,1999-08-27
Anastasiia Porshneva,1900-01-01
Anastasiya Kuzmina,1984-08-28
Anastasiya Merkushyna,1995-01-14
Anastassiya Kondratyeva,no-wiki
Anatoli Zhdanovitch,1961-12-23
Anders Mannelquist,1900-01-01
Andre Sehmisch,1964-09-27
Andrea Henkel,1977-12-10
Andreas Birnbacher,1981-09-11
Andreas Heymann,1966-12-26
Andreas Stitzl,1900-01-01
Andreas Zingerle,1961-11-25
Andrei Makoveev,1982-10-16
Andrei Padin,no_app_date
Andrei Prokunin,no_app_date
Andreja Koblar,2007-01-17
Andreja Mali,1998-12-10
Andrejs Rastorgujevs,1988-05-27
Andrijana Stipanicic,1981-09-18
Andriy Deryzemlya,1977-08-18
Andrzej Nedza-Kubiniec,1991-06-19
Ane Skrove Nossum,no_app_date
Anfisa Reztsova,1964-12-16
Angie Stevenson,no-wiki
Anita Hakala,no_app_date
Anja Erzen,1992-10-26
Ann Elen Skjelbreid,1900-01-01
Ann Helen Grande,no_app_date
Ann Kristin Aafedt Flatland,1982-11-06
Anna Bogaliy-Titovets,1979-06-12
Anna Carin Zidek,1973-04-01
Anna Frolina,1984-01-11
Anna Hermansson,1969-06-18
Anna Kistanova,1990-08-26
Anna Kunaeva,1900-01-01
Anna Lebedeva,1981-12-26
Anna Magnusson,1995-03-31
Anna Maka,1948-02-18
Anna Maria Uusitalo,1983-05-13
Anna Murinova,1973-11-14
Anna Sonnerup,1900-01-01
Anna Sorokina,no_app_date
Anna Sprung,1975-05-16
Anna Stera-Kustusz,1974-11-14
Anna Weidel,no_app_date
Anna-Karin Stroemstedt,1900-01-01
Anne Briand,1968-06-02
Anne Elvebakk,1966-05-10
Anne Ingstadbjoerg,no_app_date
Anne Laure Mignerey,1900-01-01
Anne Preussler,1900-01-01
Annelies Cook,1984-08-01
Annette Sikveland,1972-04-25
Annika Knoll,1900-01-01
Annukka Mallat,no_app_date
Anstein Mykland,no_app_date
Antero Lähde,1964-12-13
Antje Harvey,1985-01-11
Anton Babikov,1991-08-02
Anton Dudchenko,1996-12-17
Anton Lengauer-Stockner,1961-11-18
Anton Pantov,1991-03-25
Anton Shipulin,1987-08-21
Anton Sinapov,1993-09-01
Anton Smolski,1996-12-16
Antonin Guigonnat,1991-07-02
Anzela Brice,1970-03-21
Aristide Begue,1900-01-01
Armin Trinker,no-wiki
Arnd Peiffer,1987-03-18
Artem Gusev,no-wiki
Artem Pryma,1987-05-30
Artem Tyshchenko,1993-12-22
Asa Lif,1990-07-26
Ase Idland,1900-01-01
Asset Dyussenov,no_app_date
Atsushi Kazama,1964-03-03
Audrey Vaillancourt,1991-06-26
Baard Mjoelne,no-wiki
Baiba Bendika,1991-06-27
Baptiste Jouty,no_app_date
Barbora Tomesova,1900-01-01
Benedikt Doll,1990-03-24
Benjamin Weger,1989-10-05
Bente Landheim,1990-05-25
Beth Coats,1966-07-20
Birgitte Roeksund,no_app_date
Bjoern Ferry,1978-08-01
Blagoy Todev,no-wiki
Bogdan Tsymbal,1997-08-08
Borghild Ouren,no_app_date
Bostjan Lekan,1966-01-20
Brendan Green,1986-04-29
Brigitte Weisleitner,no-wiki
Bruno Hofstätter,1963-05-14
Campbell Wright,2002-05-25
Carl Johan Bergman,1978-03-14
Carolin Hennecke,no_app_date
Caroline Colombo,1900-01-01
Carsten Heymann,1972-01-07
Carsten Pump,1976-09-30
Catarina Eklund,1970-01-19
Celia Aymonier,1991-08-05
Chaoqing Song,no_app_date
Chardine Sloof,no_app_date
Chengye Zhang,no_app_date
Chloe Chevalier,no_app_date
Christa Perathoner,1987-06-07
Christelle Gros,1975-05-19
Christian De Lorenzi,1981-02-18
Christian Dumont,1963-04-19
Christian Gow,1993-03-28
Christian Martinelli,no_app_date
Christian Stebler,1981-04-23
Christina Eklund,1970-01-19
Christina Rieder,1993-12-29
Christof Vodenitscharov,1966-11-20
Christofer Eriksson,1900-01-01
Christoph Knie,no_app_date
Christoph Stephan,1986-01-12
Christoph Sumann,1976-01-19
Chunli Wang,1900-01-01
Claire Breton,1900-01-01
Clare Egan,1987-11-19
Claudio Boeckli,1900-01-01
Coline Varcin,1993-01-28
Corinne Niogret,1972-11-20
Cornel Puchianu,1989-10-27
Dag Bjoerndalen,1970-04-02
Daisuke Ebisawa,1978-05-26
Dana Plotogea,1981-09-30
Daniel Boehm,1986-06-16
Daniel Graf,1977-08-03
Daniel Mesotitsch,1976-05-22
Daniela Hoerburger,no-wiki
Daniela Kadeva,1994-01-01
Daniil Serokhvostov,no_app_date
Danil Steptsenko,1986-08-13
Daria Virolainen,1989-01-24
Daria Yurlova,1992-03-03
Dariusz Kozlowski,1968-02-24
Darya Blashko,1996-01-28
Darya Domracheva,1986-08-03
Darya Klimina,1989-09-06
Darya Yurkevich,1988-03-06
David Ekholm,1979-01-16
David Jarackie,1967-07-25
David Komatz,1991-12-10
David Zobel,no_app_date
Deedra Irwin,1992-05-27
Delphine Peretto,1900-01-01
Delphyne Burlet,1966-11-24
Denise Herrmann,1988-12-20
Desislava Stoyanova,1992-04-10
Diana Rasimoviciute,1984-02-25
Dias Keneshev,1985-03-31
Didier Bionaz,2000-02-22
Dijana Ravnikar,1978-06-04
Dimitar Gerdzhikov,1992-03-27
Dimitri Borovik,1974-01-21
Dmitri Yaroshenko,1976-11-04
Dmitriy Dyuzhev,1978-07-09
Dmitriy Pantov,1969-09-12
Dmitry Malyshko,1987-03-19
Dmitry Pozdnjakov,1972-07-06
Dmytro Pidruchnyi,1991-11-05
Dmytro Rusinov,1990-02-26
Dominik Landertinger,1988-03-13
Dominik Windisch,1989-11-06
Dominique Epp,1900-01-01
Dorina Pieper,no_app_date
Dorothea Wierer,1990-04-03
Duncan Douglas,1965-11-22
Dunja Zdouc,1994-01-03
Dusan Simocko,1983-09-29
Dzinara Alimbekava,1996-01-05
Dzmitry Abasheu,no_app_date
Dzmitry Lazouski,1998-09-09
Edgars Piksons,1983-07-17
Edmund Zitturi,1900-01-01
Edouard Riabov,no_app_date
Eduard Latypov,1994-03-21
Egil Gjelland,1973-11-12
Egon Leitner,1965-09-15
Eija Salonen,no_app_date
Einar Prucker,no-wiki
Eirik Kvalfoss,1959-12-25
Ekaterina Avvakumova,1990-10-26
Ekaterina Dafovska,1975-11-28
Ekaterina Glazyrina,1987-04-22
Ekaterina Iourieva,1983-06-11
Ekaterina Shumilova,1986-10-25
Ekaterina Vinogradova,1977-09-03
Ekaterina Yurlova-Percht,1985-02-23
Elena Batsevich,no_app_date
Elena Belova,1947-07-28
Elena Dumnova,no-wiki
Elena Golovina,1961-02-16
Elena Kaschirskaja,no-wiki
Elena Khrustaleva,1980-09-28
Elena Kruchinkina,1995-03-28
Elena Melnikova,1971-06-17
Elena Safarova,no_app_date
Elena Saposchnikova,no-wiki
Elena Shalina,no-wiki
Elena Volkovets,no-wiki
Elin Kristiansen,1968-07-09
Elin Mattsson,1986-09-21
Elisa Gasparin,1991-12-02
Elisabeth Hoegberg,1986-11-07
Elise Ringen,1989-11-21
Eliska Tepla,no-wiki
Elmar Mutschlechner,1900-01-01
Elvira Oeberg,1999-02-26
Emelie Larsson,no_app_date
Emil Hegle Svendsen,1985-07-12
Emilie Aagheim Kalkenberg,1997-07-06
Emilien Claude,no-wiki
Emilien Jacquelin,1995-07-11
Emiliya Yordanova,no-wiki
Emma Lunder,1991-09-02
Emma Nilsson,1993-11-18
Emmanuelle Claret,1968-10-30
Endre Stroemsheim,1900-01-01
Enora Latuilliere,1992-07-31
Enrico Tach,no_app_date
Eric Perrot,1900-01-01
Erik Lesser,1988-05-17
Erkki Latvala,1965-08-20
Erlend Bjoentegaard,1900-01-01
Eva Hakova,1969-07-08
Eva Karin Westin,1972-06-24
Eva Puskarcikova,1991-01-03
Eva Tofalvi,1978-12-04
Eveli Peterson,1967-10-19
Eveli Saue,1984-02-13
Evgenia Seledtsova,no_app_date
Evgenij Redkin,1970-02-02
Evgeniy Garanichev,1988-02-13
Evgeniya Burtasova,1993-07-09
Evgeniya Sedova,no_app_date
Evgeny Abramenko,1987-02-26
Evgeny Ustyugov,1985-06-04
Evguenia Koutsepalova,no_app_date
Evi Sachenbacher-Stehle,1980-11-27
Fabien Claude,1994-12-22
Fabienne Hartweger,1900-01-01
Fangming Cheng,1900-01-01
Fanny Horn Birkeland,1988-03-08
Fanqi Meng,1998-09-18
Federica Sanfilippo,1990-10-24
Felix Leitner,1996-12-31
Ferreol Cannard,no_app_date
Filip Fjeld Andersen,1999-07-04
Filipp Shulman,no_app_date
Florence Baverel,no_app_date
Florent Claude,1991-11-11
Florian Graf,1988-07-24
Franck Perrot,1972-02-07
Franck Vaufrey,no-wiki
Frank Luck,1967-12-05
Frank Peter Roetsch,1964-04-19
Franz Schuler,1962-10-03
Franziska Hildebrand,1987-03-24
Franziska Preuss,1994-03-11
Fredrik Gjesbakk,no_app_date
Fredrik Kuoppa,1971-08-16
Fredrik Lindstroem,1989-07-24
Friedrich Pinter,1978-02-22
Fritz Fischer,1908-03-05
Frode Andresen,1973-09-09
Frode Løberg,1963-01-23
Fuyuko Tachizaki,1989-01-13
Gabriela Koukalova,1989-11-01
Gabriela Lehka,no_app_date
Gabriele Lescinskaite,1996-03-25
Gael Poiree,no_app_date
Galina Koukleva,1972-11-21
Galina Nechkasova,no_app_date
Galina Vishnevskaya-Sheporenko,1994-02-10
Geir Einang,1965-03-08
Geir Ole Steinslett,1900-01-01
Gennadij Karpinkin,no-wiki
George Buta,1993-05-04
Gerda Krumina,1984-11-26
Giacomo Tiraboschi,no-wiki
Gilles Marguet,1967-12-03
Gillian Hamilton,1969-08-29
Gillian Sharp,no-wiki
Gintaras Yasinskas,no-wiki
Gisle Fenne,1963-06-09
Giuseppe Montello,1992-12-07
Glenn Rupertus,1964-07-26
Gottlieb Taschler,1961-08-21
Grete Gaim,1993-05-21
Grete Ingeborg Nykkelmo,1961-12-25
Gro Marit Istad Kristiansen,1978-02-09
Grzegorz Guzik,1991-08-20
Gunar Bretschneider,no_app_date
Gundars Upenieks,1971-03-31
Gunn Margit Andreassen,1973-07-23
Günther Beck,no_app_date
Günther Dengg,1973-07-04
Haakon Andersen,no_app_date
Haley Johnson,1900-01-01
Halina Gunka,1970-06-01
Halina Piton,1972-09-26
Halvard Hanevold,1969-12-03
Hana Dostalova,1890-11-11
Hanna Oeberg,1995-11-02
Hanna Sola,1996-02-16
Hannah Dreissigacker,1986-12-02
Hannes Obererlacher,no_app_date
Hans Achorner,no-wiki
Hans Martin Gjedrem,1980-06-06
Harald Lemmerer,no_app_date
Harri Eloranta,1963-12-04
Helena Ekholm,1984-09-06
Helena Garabikova,1970-01-18
Helene Dahlberg,1971-08-26
Helmut Tengg,1900-01-01
Helmuth Messner,no_app_date
Henrik L'Abee-Lund,1986-03-26
Henrik Sen. Forsberg,no-wiki
Herve Flandin,1965-06-04
Hidenori Isa,1976-07-30
Hilde Fenne,1993-05-12
Hildegunn Mikkelsplass,no_app_date
Hillar Zahkna,1968-02-01
Hirina Amamickova,no-wiki
Hiromi Suga,1973-11-28
Hironao Meguro,1973-05-18
Holger Schoenthier,no-wiki
Hubert Esterl,1970-01-01
Hubert Leitgeb,1965-10-31
Iana Bondar,1991-02-19
Ida Lien,1997-04-05
Ieva Cederstrema,1969-04-13
Igor Chochriakov,no-wiki
Ikuyo Tsukidate,1977-01-15
Ileana Ianosiu Hangan,1969-01-23
Ilmars Bricis,1970-07-09
Ina Menzel,no_app_date
Indrek Tobreluts,1976-04-05
Inga Kesper,1968-09-22
Ingela Andersson,1991-07-16
Inger Bjorkbom,1961-11-06
Inger-Kristin Berg,no_app_date
Ingrid Landmark Tandrevold,1996-09-23
Inna Mozhevitina,1985-07-22
Inna Sheshkil,2012-12-15
Inna Suprun,1983-04-10
Ioulia Kondratieva,no_app_date
Irena Cesnekova,1972-05-02
Irene Cadurisch,1991-10-23
Irene Lardschneider,1998-02-09
Irina Adamcikova,no-wiki
Irina Agolakova,1900-01-01
Irina Gorbacheva,1988-04-10
Irina Kazakevich,1997-10-29
Irina Kokujewa,1973-06-24
Irina Kruchinkina,1900-01-01
Irina Malgina,1900-01-01
Irina Merkushina,no_app_date
Irina Mileshina,no_app_date
Irina Nikulchina,1974-12-08
Irina Starykh,1987-08-26
Irina Tananaiko,1976-03-05
Irina Uslugina,no_app_date
Irina Vladimirskaia,no-wiki
Iris Schwabl,1900-01-01
Iryna Leshchanka,1991-07-30
Iryna Petrenko,1992-07-04
Ismo Mäkinen,1968-03-06
Itsuka Owada,no_app_date
Iva Karagiozova,1900-01-01
Ivan Joller,1983-04-24
Ivan Masarik,1967-09-14
Ivan Tcherezov,1980-11-18
Ivar Ulekleiv,1966-05-22
Iveta Roubickova,no_app_date
Ivona Fialkova,1994-11-22
Jaakko Niemi,1961-11-28
Jaakko Ranta,no-wiki
Jake Brown,1992-03-28
Jakob Borjesson,1976-01-10
Jakov Fak,1987-08-01
Jakub Stvrtecky,1900-01-01
Jan Wuestenfeld,no-wiki
Jan Ziemianin,1962-05-19
Jana Daubnerova,1984-11-27
Jana Dufkova,no_app_date
Jana Vapenikova,2012-03-08
Jane Isakson,1965-10-15
Janet Klein,no_app_date
Janez Maric,1975-08-10
Janez Ozbolt,1970-08-22
Janina Hettich,1996-06-16
Janis Berzins,1984-01-09
Janno Prants,1973-12-19
Janos Panyik,no_app_date
Jari Mäkinen,1990-06-13
Jarkko Kauppinen,1982-04-06
Jaroslav Soukup,1982-07-12
Jay Hakkinen,1977-07-19
Jean Guillaume Beatrix,1988-03-24
Jean Marc Chabloz,1967-05-27
Jean Paquet,1964-10-12
Jean-Philippe Le Guellec,1985-07-31
Jekabs Nakums,1972-02-04
Jelena Poljakova,1972-12-13
Jelena Vsivtseva,1972-12-13
Jenny Adler,1900-01-01
Jenny Jonsson,1977-06-25
Jens Steinigen,1966-09-02
Jeremy Finello,1992-05-13
Jeremy Teela,1976-10-27
Jesper Nelin,1992-10-03
Jessica Jislova,1994-07-28
Jialin Tang,no_app_date
Jihee Mun,1988-08-02
Jill Krause,no_app_date
Jinfen Wang,1971-05-11
Jinping Wang,1971-05-11
Jiri Holubec,1966-03-03
Jirina Pelcova,1900-01-01
Jitka Landova,1990-07-20
Jitka Pesinova,no_app_date
Jo Severin Matberg,no-wiki
Joan Guetschow,1900-01-01
Joan Miller Smith,1967-06-25
Joanne Reid,1992-06-28
Joern Wollschlaeger,no-wiki
Johann Passler,1961-08-18
Johanna Holma,no_app_date
Johanna Saarinen,1973-09-08
Johanna Skottheim,1994-05-29
Johanna Talihaerm,1993-06-27
Johannes Dale,1997-05-23
Johannes Kuehn,1991-11-19
Johannes Thingnes Boe,1993-05-16
Jon Age Tyldum,1968-10-26
Jonas Eriksson,1970-12-21
Jori Moerkve,1980-12-29
Joscha Burkhalter,1996-07-11
Josh Thompson,1988-01-27
Joulia Makarova,1900-01-01
Jouni Kinnunen,no_app_date
Joze Poklukar,1973-01-30
Jozef Molcan,no-wiki
Jules Burnotte,1996-12-29
Julia Ransom,1993-02-04
Julia Schwaiger,1996-01-21
Julia Simon,1996-10-09
Julian Eberhard,1986-11-09
Juliane Doell,no-wiki
Julie Bonnevie-Svendsen,no_app_date
Julie Carraz-Collin,no_app_date
Julien Robert,1974-12-11
Junji Nagai,no_app_date
Jure Velepec,1965-06-10
Juri Kashkarov,1963-12-04
Justine Braisaz-Bouchet,1996-07-04
Justus Strelow,no_app_date
Jörgen Brink,1974-03-10
Kadri Lehtla,1985-05-03
Kaia Woeien Nicolaisen,1990-11-23
Kairi Paasuke,1892-03-30
Kaisa Makarainen,1983-01-11
Kaisa Varis,1975-09-21
Kalev Ermits,1992-09-19
Kalju Ojaste,1961-12-08
Kamila Zuk,1997-11-18
Kanae Meguro,1978-09-09
Kara Salmela,1972-06-16
Kari Eie,1982-07-02
Kari Kataja,1966-04-23
Karin Oberhofer,1985-11-03
Karol Dombrovski,1991-06-08
Karolin Horchler,1989-05-09
Karoline Erdal,no_app_date
Karoline Offigstad Knotten,1995-01-06
Katarina Eklund,no-wiki
Kataryna Hryhoryeva,no-wiki
Katarzyna Ponikwia,1982-10-29
Katerina Holubcova,no_app_date
Katharina Innerhofer,1991-01-17
Kathi Schwaab,no_app_date
Kathrin Lang,1986-09-03
Kati Wilhelm,1976-08-02
Katja Haller,1981-01-12
Katja Holanti,1974-04-05
Katja Wuestenfeld,1976-10-10
Katrin Apel,1973-05-04
Kauri Koiv,no_app_date
Kazimiera Stroliene,1960-05-26
Kazumasa Takeda,no-wiki
Kazuya Inomata,no_app_date
Kenneth Rudd,1968-05-16
Kerryn Pethybridge,1962-09-07
Kerryn Rim,1962-09-07
Kerstin Moring,1963-09-26
Kevin Quintilio,1973-08-29
Kinga Zbylut,1995-04-10
Kirill Streltsov,1900-01-01
Kjell Ove Oftedal,no_app_date
Kjetil Saeter,no-wiki
Klemen Bauer,1986-01-09
Konstantin Popov,1900-01-01
Kosuke Ozaki,1900-01-01
Krasimir Anev,1987-06-16
Krasimir Videnov,1968-06-15
Kresimir Crnkovic,1995-01-04
Krista Lepik,1964-04-26
Kristaps Libietis,1982-05-28
Kristel Viigipuu,no_app_date
Kristina Brouneus,1974-11-25
Kristina Reztsova,1996-04-27
Kristina Sabasteanski,no_app_date
Krystyna Guzik,1983-08-16
Krzysztof Plywaczyk,1983-02-11
Krzysztof Sosna,1969-10-11
Ksenia Zikounkova,1979-02-02
Kyoji Suga,1973-12-19
Lanny Barnes,1982-04-26
Larisa Kuklina,1900-01-01
Larisa Novoselskaja,no-wiki
Lars Berger,1979-05-01
Lars Helge Birkeland,1988-02-11
Laura Dahlmeier,1993-08-22
Laura Spector,1987-10-30
Laura Toivanen,1988-07-21
Laure Bosc,no_app_date
Laure Soulie,1987-04-28
Laurie Tavares,1965-12-12
Lea Einfalt,1900-01-01
Lee-Steve Jackson,1980-04-20
Leif Andersson,1961-04-26
Leif Nordgren,1989-05-18
Leisan Biktasheva,no-wiki
Lena Haecki,1900-01-01
Lenart Oblak,1991-06-27
Lenka Faltusova,1979-06-24
Lilia Vaygina-Efremova,1977-04-15
Linda Grubben,1979-09-13
Linn Persson,1994-06-27
Lionel Grebot,no-wiki
Lionel Laurent,1964-10-10
Lisa Theresa Hauser,1993-12-16
Lisa Vittozzi,1995-02-04
Lise Meloche,1900-01-01
Liudmila Ananko,1982-04-19
Liudmila Kalinchik,1982-07-23
Liutauras Barila,1974-02-10
Liv Grete Poiree,1974-07-07
Liv Kjersti Eikeland,1979-03-20
Ljubov Beliakova,1967-12-10
Lois Habert,no_app_date
Long Ren,1900-01-01
Lorenz Waeger,no_app_date
Lotte Lie,1995-09-06
Lou Jeanmonnot,no_app_date
Lovro Planko,2001-05-28
Lowell Bailey,1981-07-15
Lubomir Machyniak,1971-02-07
Lubomira Kalinova,1982-02-11
Lucas Fratzscher,no_app_date
Lucie Charvatova,1993-02-01
Lucija Larisi,1975-12-05
Ludmila Arlouskaya,1900-01-01
Ludmila Gurieva,no_app_date
Ludwig Gredler,1967-11-19
Luise Kummer,1993-06-29
Luiza Noskova,1968-07-07
Lukas Hofer,1989-09-30
Lukasz Szczurek,1988-04-01
Luminita Piscoran,1988-03-14
Lyubov Filimonova,1988-08-31
Lyudmyla Pysarenko,no_app_date
Macx Davies,1992-12-24
Madara Liduma,1982-08-10
Magda Rezlerova,1982-08-09
Magdalena Forsberg,1967-07-25
Magdalena Grzywa,1979-09-15
Magdalena Gwizdon,1979-08-04
Magdalena Neuner,1987-02-09
Magdalena Nykiel,1983-03-25
Magne Thorleiv Ronning,no_app_date
Magnus Jonsson,1982-04-04
Maksim Burtasov,no-wiki
Maksim Tsvetkov,1900-01-01
Maksim Varabei,1995-12-10
Malte Stefansson,1900-01-01
Mami Shindo,1975-02-22
Manabu Homma,no-wiki
Marc Andre Bedard,1986-02-19
Marcela Pavkovcekova,1977-04-21
Marco Morgenstern,1900-01-01
Marek Matiasko,1977-10-29
Maren Hammerschmidt,1989-10-24
Margarita Doulova,1972-01-04
Margarita Vasileva,1900-01-01
Mari Eder,1987-11-09
Mari Lampinen,1971-09-11
Maria Manolova,1900-01-01
Maria Schylander,1973-05-19
Maria Strelenko,no_app_date
Marian Blaj,1978-03-11
Marie Dorin Habert,1986-06-19
Marie Laure Brunet,1988-11-20
Mariia Panfilova,no-wiki
Marina Gouschina,no-wiki
Marina Korovina,1900-01-01
Marina Lebedeva,1985-05-29
Marina Skolota,1963-11-05
Marine Bolliet,1988-01-14
Mario Dolder,1990-06-22
Marion Blondeau,no_app_date
Marion Wiesensarter,no_app_date
Mark Kirchner,1970-04-04
Marketa Davidova,1997-01-03
Marko Dolenc,1972-09-27
Markus Windisch,1984-05-12
Maros Leitner,no-wiki
Marte Olsbu Roeiseland,1990-12-07
Martin Eng,1986-03-05
Martin Fourcade,1988-09-14
Martin Jaeger,1900-01-01
Martin Otcenas,1987-08-25
Martin Pfurtscheller,1968-03-07
Martin Ponsiluoma,1995-09-08
Martin Rypl,1967-09-14
Martin Stolfa,no-wiki
Martin Uldal,no-wiki
Martina Beck,1979-09-21
Martina Chrapanova,1989-12-14
Martina Halinarova,1973-04-22
Martina Stede,1900-01-01
Martina Zellner,no_app_date
Martine Albert,2012-03-03
Martten Kaldvee,2010-09-15
Mary Ostergren,1960-11-25
Matej Kazar,1983-05-10
Matjaz Poklukar,1973-01-30
Matthias Bischl,1900-01-01
Matthias Dorfer,no_app_date
Matthias Simmen,1972-02-03
Mattia Cola,1984-05-03
Mattias Nilsson,1982-02-19
Matvei Eliseev,1993-03-31
Matvey Eliseev,1993-03-31
Maxim Braun,1993-04-16
Maxim Maksimov,1979-09-06
Maxim Tchoudov,1982-11-12
Maxim Tsvetkov,1992-01-03
Megan Bankes,1997-08-22
Megan Imrie,1986-02-14
Megan Tandy,1988-09-10
Meril Beilmann,1995-06-12
Mia Stadig,1966-03-18
Michael Greis,1976-08-18
Michael Roesch,1900-01-01
Michael Willeitner,no_app_date
Michail Kletcherov,1982-12-03
Michal Krcmar,1991-01-23
Michal Piecha,1979-03-31
Michal Sima,1992-04-28
Michal Slesingr,1983-02-03
Michela Carrara,1997-10-05
Michela Ponza,1979-02-12
Michelle Collard,1975-08-13
Mie Takeda,1976-11-13
Miha Dovzan,1994-01-22
Mihaela Carstoi,1970-02-24
Mihaela Purdea,1982-12-17
Mihail Usov,1996-09-22
Mikael Loefgren,1969-09-02
Mikchail Soushintsev,1962-09-10
Mike Dixon,1962-11-21
Mikhail Kochkin,no_app_date
Mikhail Siamionau,1984-07-30
Mikita Labastau,1997-04-19
Mikito Tachizaki,1988-05-17
Mikulas Karlik,1999-05-17
Milan Zemlicka,1996-10-20
Milanko Petrovic,1988-09-21
Milena Todorova,1998-01-18
Miriam Goessner,1990-06-21
Miroslav Janata,no-wiki
Miroslav Matiasko,1982-07-14
Misao Kodate,1961-11-16
Mitja Drinovec,1996-02-22
Mladen Grujic,1969-03-21
Mona Brorsson,1990-03-28
Monika Hojnisz-Starega,1991-08-27
Morwenna Lane,1900-01-01
Myriam Bedard,1969-12-22
Nadejda Alexieva,1969-08-14
Nadejda Talanova,1967-04-17
Nadezhda Skardino,1985-03-27
Nadia Moser,1900-01-01
Nadiia Bielkina,1990-09-30
Nadija Bilova,no-wiki
Nadine Horchler,1986-06-21
Nadzeya Pisareva,no_app_date
Nancy Johnstone,1959-10-22
Naoki Shindo,no-wiki
Nastassia Kinnunen,1985-03-14
Natalia Levchenkova,1977-07-30
Natalia Murschtschakina,1976-04-19
Natalia Permiakova,1970-05-22
Natalia Ryzhenkova,1972-07-07
Natalia Snitina,1971-02-13
Natalia Sokolova,1973-10-23
Natalia Sorokina,1982-09-12
Natalia Tereshenko,no_app_date
Natalia Ushkina,1996-09-07
Natalija Bashinskaya,no-wiki
Natalja Kocergina,1985-04-17
Natallia Prakharenka,1967-05-04
Natalya Otchenash,1983-10-26
Nathalie Beausire,no_app_date
Nathalie Santer,1972-03-28
Nathan Smith,1900-01-01
Nicola Pozzi,1986-06-30
Nicole Gontier,1991-11-17
Niina Jyrkiäinen,no-wiki
Nikita Porshnev,1996-03-05
Nikki Keddie,no_app_date
Niklas Hartweg,2000-03-01
Nikolai Kroupnik,no_app_date
Nikolay Kruglov,1950-01-31
Nina Klenovska,1980-05-07
Nina Lemesh,1900-01-01
Niya Dimitrova,no_app_date
Ntala Skinner,1973-02-22
Oksana Khvostenko,2011-03-13
Oksana Neupokoeva,no_app_date
Oksana Yakovleva,1980-10-06
Olaf Mihelson,1968-08-02
Ole Einar Bjoerndalen,1974-01-27
Oleg Berezhnoy,1900-01-01
Oleg Ryzhenkov,1967-12-15
Olegs Maluhins,1969-05-06
Oleksandr Batiuk,1960-01-14
Oleksandr Zhyrnyi,1900-01-01
Olena Bilosiuk,1987-01-09
Olena Petrova,1972-09-24
Olena Zubrilova,1973-02-25
Olessia Toupilenko,1900-01-01
Olexander Bilanenko,1978-01-08
Olga Abramova,1988-09-15
Olga Anisimova,1972-01-29
Olga Iakushova,no_app_date
Olga Kudrashova,no_app_date
Olga Medvedtseva,1975-07-07
Olga Melnik,1974-05-12
Olga Nazarova,1965-06-01
Olga Podchufarova,1992-08-05
Olga Poltoranina,1987-02-27
Olga Romasko,1968-04-18
Olga Simushina,no_app_date
Olga Vilukhina,1988-03-22
Olga Zaitseva,1978-05-16
Olli Hiidensalo,1991-02-02
Olli-Pekka Peltola,1969-09-08
Ondrej Moravec,1984-06-09
Oskar Brandt,no-wiki
Oskars Muiznieks,1989-12-09
Outi Kettunen,1978-03-08
Paavo Puurunen,1973-08-28
Pam Nordheim,1900-01-01
Paolo Longo,no_app_date
Patrice Bailly-Salins,1964-06-21
Patrice Jankowski,no_app_date
Patrick Favre,1972-07-30
Patrick Jakob,no-wiki
Paul Schommer,1992-06-06
Paula Botet,no_app_date
Paulina Bobak,no_app_date
Paulina Fialkova,1992-10-25
Pauline Jacquin,no_app_date
Pauline Macabies,no_app_date
Pavel Kotlan,no-wiki
Pavel Kotraba,1970-11-03
Pavel Magazeev,no-wiki
Pavel Mouslimov,no_app_date
Pavel Rostovtsev,1971-09-21
Pavel Sladek,1971-07-09
Pavel Vavilov,1972-08-20
Pavlina Filipova,1900-01-01
Pavol Hurajt,1978-02-04
Pavol Novak,no_app_date
Peggy Wagenfuehr,no-wiki
Peppe Femling,1992-03-24
Peter Dokl,1985-01-11
Peter Sendel,1972-03-06
Peter Sjödén,1967-10-14
Petr Garabik,1970-01-01
Petr Ivashko,no_app_date
Petr Pashchenko,no_app_date
Petra Bauer,1900-01-01
Petra Behle,1969-01-05
Petra Cervenkova,no_app_date
Petra Noskova,1967-10-31
Petra Slezakova,no_app_date
Petra Trocker,no-wiki
Petra Weschollek,1900-01-01
Philipp Horn,1994-11-08
Philipp Nawrath,1993-02-13
Pieralberto Carrara,1966-02-14
Pietro Dutto,no_app_date
Piotr Pluta,no_app_date
Pirjo Aalto,1961-02-19
Pirjo Mattila,1961-02-19
Polona Klemencic,1997-04-16
Priit Narusk,1977-12-08
Priit Viks,2020-04-17
Qiao Yin,no_app_date
Qing Zhang,1980-04-07
Quentin Fillon Maillet,1992-08-16
Rachel Steer,1978-01-25
Radka Popova,1974-01-26
Ragnhild Femsteinevik,no_app_date
Raik Dittrich,1968-10-12
Raivis Zimelis,1976-08-18
Raman Yaliotnau,1993-05-10
Rami Mäkelä,no-wiki
Ramona Dueringer,no-wiki
Raphael Poiree,1974-08-09
Regina Oja,1996-01-31
Reinhard Neuner,1969-02-04
Reka Forika,no_app_date
Remus Faur,1989-06-06
Rene Cattarinussi,1972-04-12
Rene Laurent Vuillermoz,1977-10-26
Rene Zahkna,1994-10-02
Ribo Sun,no_app_date
Ricco Gross,1970-08-22
Rickard Noberius,no-wiki
Roberta Fiandino,1985-10-17
Robin Clegg,2013-11-14
Rok Trsan,1992-08-28
Roland Lessing,1978-04-14
Roland Zwahlen,1977-05-17
Roman Dostal,1970-07-13
Roman Pryma,1981-11-06
Roman Rees,1993-03-01
Roman Yeremin,1997-01-14
Roman Zvonkov,1967-07-02
Romana Schrempf,no_app_date
Romy Beer,1900-01-01
Ronny Hafsas,1985-11-14
Rosanna Crawford,1988-05-23
Rune Brattsveen,1984-04-05
Ruslan Lysenko,1976-05-18
Ruslan Mostsipan,no-wiki
Ruslan Tkalenko,no_app_date
Russell Currier,no_app_date
Rustam Valiullin,1976-06-24
Ryoko Takahashi,1973-08-29
Sabrina Buchholz,1980-03-05
Said Karimulla Khalili,1998-09-02
Sakiko Takefushi,no-wiki
Samuela Comola,1998-04-30
Sandra Keith,1980-12-11
Sandra Paintin-Paul,1900-01-01
Sandrine Bailly,1979-11-25
Sanita Bulina,no-wiki
Sanna Laari,1990-04-14
Sanna-Leena Perunka,1976-09-23
Sara Studebaker,2014-04-29
Sarah Beaudry,1994-03-19
Sarah Konrad,1967-08-26
Sari Laehde,no-wiki
Sari Maeda,1990-05-25
Saskia Santer,1977-12-05
Scott Gow,1990-11-06
Scott Perras,1983-10-25
Sean Doherty,1995-06-08
Sebastian Samuelsson,1997-03-28
Sebastian Stalder,1998-01-19
Seija Hyytiäinen,no_app_date
Selina Gasparin,1984-04-03
Semen Suchilov,1900-01-01
Serafin Wiestner,1990-07-20
Sergei Konovalov,1972-03-01
Sergei Rozhkov,1972-04-01
Sergei Tarasov,1965-02-15
Sergei Tchepikov,1967-01-30
Sergey Balandin,1900-01-01
Sergey Bashkirov,1971-12-17
Sergey Bocharnikov,1988-02-28
Sergey Klyachin,no_app_date
Sergey Naumik,1985-10-08
Sergey Novikov,1979-04-27
Sergey Sadovnikov,no-wiki
Sergii Semenov,1988-07-28
Serguei Rousinov,1971-01-14
Serguei Sednev,1983-12-19
Shumei Yu,1900-01-01
Siegrid Pallhuber,1970-05-01
Signe Trosten,no_app_date
Silvana Blagoeva,1972-07-14
Simon Bartko,1996-07-11
Simon Demetz,no_app_date
Simon Desthieux,1991-12-03
Simon Eder,1983-02-23
Simon Fourcade,1984-04-25
Simon Hallenbarter,1979-03-05
Simon Schempp,1988-11-14
Simone Greiner-Petter-M.,1967-09-15
Simone Hauswald,1979-05-03
Sindre Pettersen,no_app_date
Sivert Guttorm Bakken,no_app_date
Sofia Domeij,1976-10-22
Solveig Rogstad,1982-07-31
Sona Mihokova,1971-11-11
Sophie Boilley,1989-12-18
Sophie Vandercruche,no-wiki
Spas Zlatev,1964-05-14
Stacey Wooley,1968-04-21
Steffen Hoos,1968-01-29
Steffi Kindt,no-wiki
Stephane Bouthiaux,1966-03-26
Steve Cyr,1967-05-20
Stian Eckhoff,1979-09-03
Stina Nilsson,1993-06-24
Sturla Holm Laegreid,1997-02-20
Susan Dunklee,1986-02-13
Susanna Meinen,no_app_date
Susanne Hoffmann,1994-08-17
Suvi Minkkinen,1994-12-08
Sven Fischer,1971-04-16
Sven Grossegger,1987-11-17
Sverre Dahlen Aspenes,1900-01-01
Sverre Istad,1965-01-03
Svetlana Chernousova,1970-09-18
Svetlana Ishmouratova,1972-04-20
Svetlana Mironova,1986-08-20
Svetlana Paniutina,no_app_date
Svetlana Paramyguina,no_app_date
Svetlana Petcherskaia,1968-11-14
Svetlana Sleptsova,1986-07-31
Sylfest Glimsdal,1966-10-09
Sylke Hummanik,no-wiki
Sylvia Kaden,1900-01-01
Sylvie Bailly-Salins,no_app_date
Sylvie Becaert,1975-09-06
Sylvie Boudreault,no_app_date
Sylvie Payraud,no-wiki
Synnoeve Solemdal,1989-05-15
Synnøve Thoresen,1966-05-06
Tadeja Brankovic-Likozar,1979-12-20
Tamami Tanaka,1975-05-26
Tamara Derbusheva,no-wiki
Tamara Volkova,no-wiki
Tanguy Roche,no_app_date
Tanja Bauer,no-wiki
Taras Dolniy,1959-06-18
Taras Lesiuk,no-wiki
Tarjei Boe,1988-07-29
Tatiana Akimova,1990-10-26
Tatiana Kutlikova,1972-09-27
Tatiana Markova,no_app_date
Tatiana Moiseeva,1981-09-07
Ted Armgren,no_app_date
Teija Lehtimäki,no_app_date
Teja Gregorin,1980-06-29
Tereza Vinklarkova,no-wiki
Tereza Vobornikova,2000-05-31
Terezia Poliakova,1989-04-02
Terhi Markkanen,1973-11-06
Tero Seppala,1996-01-25
Tetiana Rud,1900-01-01
Tetyana Vodopyanova,1900-01-01
Thekla Brun-Lie,1992-09-02
Thierry Chenal,no_app_date
Thierry Dusserre,1967-07-25
Thierry Gerbier,1965-09-21
Thierry Langer,1991-10-24
Thomas Bormolini,1991-08-29
Thomas Frei,1985-01-19
Tiina Mikkola,no_app_date
Tim Burke,1900-01-01
Timo Antila,1980-09-22
Timofei Lapshin,1900-01-01
Tina Bachmann,1986-07-15
Tiril Eckhoff,1990-05-21
Tobias Arwidson,1988-06-07
Tobias Eberhard,1985-01-12
Tomas Globocnik,1972-04-17
Tomas Hasilla,1990-08-23
Tomas Holubec,1976-01-11
Tomas Kaukenas,1990-05-01
Tomas Kos,1967-12-31
Tomas Krupcik,1988-01-08
Tomasz Sikora,1973-12-21
Tomaz Zemva,1973-08-18
Tommaso Giacomel,2000-04-05
Tomomi Otaka,1976-11-21
Toni Lang,1900-01-01
Tor Espen Kristiansen,1900-01-01
Tor Halvor Bjoernstad,1900-01-01
Tora Berger,1981-03-18
Tord Wiksten,2009-12-29
Torstein Stenersen,1988-10-16
Tracy Barnes,1972-02-18
Tsukasa Kobonoki,1991-12-04
Tuija Sikio,1969-11-23
Tuija Vuoksiala,1961-08-25
Tuomas Gronman,1974-03-22
Tuomas Harjula,1998-06-08
Tuuli Tomingas,1995-01-04
Ulf Johansson,2009-12-29
Ulf Karkoschka,1900-01-01
Uliana Denisova,no_app_date
Uliana Nigmatullina,1994-03-08
Unni Kristiansen,no_app_date
Urmas Kaldvee,1961-11-20
Uros Velepec,1967-05-17
Urska Poje,1997-05-10
Uschi Disl,1970-11-15
Ute Niziak,1900-01-01
Vadim Sashurin,1970-02-19
Valentin Dzima,no-wiki
Valentina Ciurina,1978-08-30
Valentina Nazarova,1984-09-29
Valentina Semerenko,1986-01-18
Valentina Tserbe Nessina,1969-01-08
Valeri Ivanov,no_app_date
Valeri Kiriyenko,1965-02-13
Valeri Noskov,no-wiki
Valeriia Vasnetcova,1900-01-01
Valeriy Medvedtsev,1964-07-05
Vanessa Hinz,1992-03-24
Vanessa Voigt,1997-10-07
Vasilii Tomshin,1900-01-01
Vasja Rupnik,1900-01-01
Vegard Gjermundshaug,no_app_date
Venla Lehtonen,1995-03-10
Vera Voutcheva,no-wiki
Veronika Vitkova,1988-12-09
Veronika Zvaricova,1988-12-08
Veronique Claudel,1966-11-22
Vesa Hietalahti,1969-09-27
Vesa Pontio,no-wiki
Vetle Sjaastad Christiansen,1992-05-12
Victor Vasilyev,1959-07-23
Victoria Padial Hernandez,1988-08-10
Victoria Slivko,1900-01-01
Viktor Maigourov,1969-02-07
Viktor Sidorenko,1953-12-31
Ville Kotikumpu,no-wiki
Ville Raikkonen,1972-02-14
Vincent Defrasne,1977-03-09
Vincent Jay,1985-05-18
Vit Janov,no_app_date
Vita Semerenko,1986-01-18
Vitali Tsvetau,no_app_date
Vitaliy Kilchytskyy,1988-06-17
Vitaliy Mohylenko,1965-07-05
Vitaliy Rudenchyk,1982-02-21
Vladimir Alenishko,no_app_date
Vladimir Chepelin,1988-07-15
Vladimir Drachev,1966-03-07
Vladimir Efremitschev,1921-08-16
Vladimir Grigorev,1982-08-08
Vladimir Iliev,1987-03-17
Vladimir Psarev,no-wiki
Vladimir Rozhkov,no-wiki
Volodymyr Siemakov,1985-05-11
Vyacheslav Derkach,1976-06-23
Vytautas Strolia,1992-11-28
Weronika Nowakowska,1986-07-07
Wieslaw Ziemianin,1970-09-07
Wilfried Pallhuber,1967-08-04
Wojciech Kozub,1976-07-20
Wolfgang Perner,1967-09-17
Wolfgang Rottmann,1900-01-01
Xavier Blond,1965-06-18
Xianying Liu,2011-01-13
Xue Dong,no_app_date
Yan Savitskiy,1987-04-29
Yan Zhang,no_app_date
Yana Romanova,1983-05-11
Yelizaveta Belchenko,no-wiki
Yingchao Kong,1982-10-09
Yinghui Xu,no_app_date
Yoshiko Mikami,1966-05-23
Yuan-Yuan Liu,1982-03-07
Yuanmeng Chu,1999-11-21
Yue Wang,1900-01-01
Yukari Abe,no-wiki
Yuki Nakajima,1990-05-21
Yukio Mochizuki,1971-04-23
Yuliia Dzhima,1990-09-19
Yuliia Zhuravok,no_app_date
Yurie Tanaka,1989-01-06
Yury Shopin,1900-01-01
Yuryi Liadov,1987-12-03
Yuxia Hou,1979-05-20
Yvonne Visser,1965-07-09
Zanna Juskane,1989-10-05
Zdenek Vitek,1977-07-25
Zdenka Vejnarova,1981-06-22
Zina Kocher,2009-12-21
Zofia Kielpinska,1960-05-15
